{
  "stats": {
    "suites": 10,
    "tests": 10,
    "passes": 10,
    "pending": 0,
    "failures": 0,
    "start": "2021-06-11T04:41:45.708Z",
    "end": "2021-06-11T04:41:46.874Z",
    "duration": 1166,
    "testsRegistered": 10,
    "passPercent": 100,
    "pendingPercent": 0,
    "other": 0,
    "hasOther": false,
    "skipped": 0,
    "hasSkipped": false
  },
  "results": [
    {
      "uuid": "08923775-afcc-4815-92ec-6d3619bef4b5",
      "title": "",
      "fullFile": "",
      "file": "",
      "beforeHooks": [
        {
          "title": "\"before all\" hook: setupDatabase in \"{root}\"",
          "fullTitle": "\"before all\" hook: setupDatabase in \"{root}\"",
          "timedOut": false,
          "duration": 153,
          "state": null,
          "speed": null,
          "pass": false,
          "fail": false,
          "pending": false,
          "context": null,
          "code": "let getUsers =  await UserSchema.find({}) \nif(getUsers.length> 0)\n{\n    getUsers.map( (user) => {  \n            if(user.photo && user.photo!=''){\n                UserBusiness.unlinkFile(user.photo)\n                .then( unlinkres => { //console.log('unlinkres-',unlinkres)\n                })\n                .catch((err) => {\n                handleResponse(res, 500, err.message,false, err)\n                });\n            }\n            //console.log('user.imageMediumPath--',user.imageMediumPath)\n            if(user.imageMediumPath && user.imageMediumPath!=''){\n                UserBusiness.unlinkFile(user.imageMediumPath)\n                .then( unlinkres => { //console.log('unlinkres-',unlinkres)\n                })\n                .catch((err) => {\n                    handleResponse(res, 500, err.message,false, err)\n                });\n            }\n            if(user.imageThumbPath && user.imageThumbPath!=''){\n                UserBusiness.unlinkFile(user.imageThumbPath)\n                .then( unlinkres => { //console.log('unlinkres-',unlinkres)'\n                })\n                .catch((err) => {\n                    handleResponse(res, 500, err.message,false, err)\n                });\n            }\n  })\n}\nlet getCourses =  await CourseSchema.find({}) \n// if(getCourses.length> 0)\n// {\n//     getCourses.map( (course) => {  \n//             if(course.photo && course.photo!=''){\n//                 CourseBusiness.unlinkFile(course.photo)\n//                 .then( unlinkres => { //console.log('unlinkres-',unlinkres)\n//                 })\n//                 .catch((err) => {\n//                 handleResponse(res, 500, err.message,false, err)\n//                 });\n//             }\n//             //console.log('course.imageMediumPath--',course.imageMediumPath)\n//             if(course.imageMediumPath && course.imageMediumPath!=''){\n//                 CourseBusiness.unlinkFile(course.imageMediumPath)\n//                 .then( unlinkres => { //console.log('unlinkres-',unlinkres)\n//                 })\n//                 .catch((err) => {\n//                     handleResponse(res, 500, err.message,false, err)\n//                 });\n//             }\n//             if(course.imageThumbPath && course.imageThumbPath!=''){\n//                 CourseBusiness.unlinkFile(course.imageThumbPath)\n//                 .then( unlinkres => { //console.log('unlinkres-',unlinkres)\n//                 })\n//                 .catch((err) => {\n//                     handleResponse(res, 500, err.message,false, err)\n//                 });\n//             }\n//   })\n// }\n\nlet getCourseDetails =  await CourseSchema.find({}) \n// if(getCourseDetails.length> 0)\n// {\n//     getCourseDetails.map( (courseDetail) => {  \n//             if(courseDetail.photo && courseDetail.photo!=''){\n//                 CourseBusiness.unlinkFile(courseDetail.photo)\n//                 .then( unlinkres => { //console.log('unlinkres-',unlinkres)\n//                 })\n//                 .catch((err) => {\n//                 handleResponse(res, 500, err.message,false, err)\n//                 });\n//             }\n//             //console.log('courseDetail.imageMediumPath--',courseDetail.imageMediumPath)\n//             if(courseDetail.imageMediumPath && courseDetail.imageMediumPath!=''){\n//                 CourseBusiness.unlinkFile(courseDetail.imageMediumPath)\n//                 .then( unlinkres => { //console.log('unlinkres-',unlinkres)\n//                 })\n//                 .catch((err) => {\n//                     handleResponse(res, 500, err.message,false, err)\n//                 });\n//             }\n//             if(courseDetail.imageThumbPath && courseDetail.imageThumbPath!=''){\n//                 CourseDetailBusiness.unlinkFile(courseDetail.imageThumbPath)\n//                 .then( unlinkres => { //console.log('unlinkres-',unlinkres)\n//                 })\n//                 .catch((err) => {\n//                     handleResponse(res, 500, err.message,false, err)\n//                 });\n//             }\n//   })\n// }\nawait UserSchema.deleteMany()\nawait UserSchema.create(userOne)\nawait CourseSchema.deleteMany()\nawait CourseSchema.create(courseOne)\nawait CourseDetailSchema.deleteMany()\nawait CourseDetailSchema.create(coursedetailOne)\nawait RoundSchema.deleteMany()\n//await RoundSchema.create(roundOne)\nawait RoundDetailSchema.deleteMany()\n   // await RoundDetailSchema.create(rounddetailOne)",
          "err": {},
          "uuid": "26c8fdc1-9536-4854-9b7d-5ddb5df98406",
          "parentUUID": "08923775-afcc-4815-92ec-6d3619bef4b5",
          "isHook": true,
          "skipped": false
        }
      ],
      "afterHooks": [],
      "tests": [],
      "suites": [
        {
          "uuid": "30b9aaa9-92c0-4adb-8210-139e8a975056",
          "title": "PUT /api/v1/userEmailVerification/6095fa5cd98b4c411aab92bf",
          "fullFile": "/var/www/html/golf/backend/test/authentication.test.js",
          "file": "/test/authentication.test.js",
          "beforeHooks": [],
          "afterHooks": [],
          "tests": [
            {
              "title": "User logs in",
              "fullTitle": "PUT /api/v1/userEmailVerification/6095fa5cd98b4c411aab92bf User logs in",
              "timedOut": false,
              "duration": 403,
              "state": "passed",
              "speed": "slow",
              "pass": true,
              "fail": false,
              "pending": false,
              "context": null,
              "code": "request(app)\n  .put(`/api/v1/userEmailVerification/${userOne._id}`)\n  .set('authorization',`Bearer ${userOne.authToken}`)\n  .send({emailVerifiedToken:'',emailVerify:true})        \n  .expect(200)\n  .end(function(err, res) {\n    if (err) return done(err);\n    return done();\n  });",
              "err": {},
              "uuid": "09d980b4-00b8-4927-8a91-004cbfe9b0c0",
              "parentUUID": "30b9aaa9-92c0-4adb-8210-139e8a975056",
              "isHook": false,
              "skipped": false
            }
          ],
          "suites": [],
          "passes": [
            "09d980b4-00b8-4927-8a91-004cbfe9b0c0"
          ],
          "failures": [],
          "pending": [],
          "skipped": [],
          "duration": 403,
          "root": false,
          "rootEmpty": false,
          "_timeout": 2000
        },
        {
          "uuid": "99f32810-ad0a-44a7-99f2-3090319af7cc",
          "title": "GET /api/v1/course",
          "fullFile": "/var/www/html/golf/backend/test/startRound.test.js",
          "file": "/test/startRound.test.js",
          "beforeHooks": [],
          "afterHooks": [],
          "tests": [
            {
              "title": "User selects a course",
              "fullTitle": "GET /api/v1/course User selects a course",
              "timedOut": false,
              "duration": 95,
              "state": "passed",
              "speed": "slow",
              "pass": true,
              "fail": false,
              "pending": false,
              "context": null,
              "code": "axios.get('https://golfernet-backend.herokuapp.com/api/v1/course?_id=5ffec04cabd859700b3fddab')\n\t.then(async (response)=>{\n\t\texpect(response.data.statuscode).to.equal(200,\"course fetch success\");\n\t\tcourseData= response.data.response[0].data[0];\n\t\t////console.log(\"courseData-----\",courseData);\n\t\tcourseData={\n\t\t\t_id:courseData._id,\n\t\t\tname: courseData.name,\n\t\t\tdescription: courseData.description,\n\t\t\tblueYard: courseData.blueYard,\n\t\t\twhiteYard: courseData.whiteYard,\n\t\t\tyellowYard: courseData.yellowYard,\n\t\t\tredYard: courseData.redYard,\n\t\t\t\n\t\t}\n\t\t\n\t\tawait CourseSchema.create(courseData)\n\t\treturn done();\n\t})\n\t.catch(err=>{\n\t//console.log(err);\n\t})          \n\n\n\t//return done();",
              "err": {},
              "uuid": "3cbf355b-7baa-4aa1-b046-d13f855bc5bf",
              "parentUUID": "99f32810-ad0a-44a7-99f2-3090319af7cc",
              "isHook": false,
              "skipped": false
            }
          ],
          "suites": [],
          "passes": [
            "3cbf355b-7baa-4aa1-b046-d13f855bc5bf"
          ],
          "failures": [],
          "pending": [],
          "skipped": [],
          "duration": 95,
          "root": false,
          "rootEmpty": false,
          "_timeout": 2000
        },
        {
          "uuid": "964e80b4-d0f9-4db8-9569-3e583f306b7d",
          "title": "GET /api/v1/user",
          "fullFile": "/var/www/html/golf/backend/test/startRound.test.js",
          "file": "/test/startRound.test.js",
          "beforeHooks": [],
          "afterHooks": [],
          "tests": [
            {
              "title": "Player 1 selected",
              "fullTitle": "GET /api/v1/user Player 1 selected",
              "timedOut": false,
              "duration": 28,
              "state": "passed",
              "speed": "fast",
              "pass": true,
              "fail": false,
              "pending": false,
              "context": null,
              "code": "axios.get(`https://golfernet-backend.herokuapp.com/api/v1/users?_id=${userIds[0]}`)\n.then(async (response)=>{\n\t//to insert in our test db\n\texpect(response.data.statuscode).to.equal(200,\"player 1 fetch success\");\n\tlet playerData= response.data.response[0].data[0];\n\tplayerData= playerDatatoUpdate(playerData);\n\t\n\tallPlayerData[0]=playerData\n\t\n\t//console.log(\"updated=\",playerData);\n\tplayersData.push(playersData)\n    \t\t\tconst data=await UserSchema.updateOne(playerData)\n\t//console.log(\"data in player1=\",data);\n\tstatuscode=data._id?200:500\n\texpect(statuscode,200,\"data inserted successfully\")\n\treturn done();\n})\n.catch(err=>{\n\t//console.log(err);\n\treturn done();\n})  \n//return done();",
              "err": {},
              "uuid": "d8dba390-b1fc-4804-9736-1270b17cdf6e",
              "parentUUID": "964e80b4-d0f9-4db8-9569-3e583f306b7d",
              "isHook": false,
              "skipped": false
            }
          ],
          "suites": [],
          "passes": [
            "d8dba390-b1fc-4804-9736-1270b17cdf6e"
          ],
          "failures": [],
          "pending": [],
          "skipped": [],
          "duration": 28,
          "root": false,
          "rootEmpty": false,
          "_timeout": 2000
        },
        {
          "uuid": "82105d5a-f0af-4025-aab8-066ce02b4601",
          "title": "GET /api/v1/user",
          "fullFile": "/var/www/html/golf/backend/test/startRound.test.js",
          "file": "/test/startRound.test.js",
          "beforeHooks": [],
          "afterHooks": [],
          "tests": [
            {
              "title": "Player 2 selected",
              "fullTitle": "GET /api/v1/user Player 2 selected",
              "timedOut": false,
              "duration": 42,
              "state": "passed",
              "speed": "medium",
              "pass": true,
              "fail": false,
              "pending": false,
              "context": null,
              "code": "axios.get(`https://golfernet-backend.herokuapp.com/api/v1/users?_id=${userIds[1]}`)\n.then(async (response)=>{\n\t//to insert in our test db\n\texpect(response.data.statuscode).to.equal(200,\"player 2 fetch success\");\n\tlet playerData= response.data.response[0].data[0];\n\tplayerData= playerDatatoUpdate(playerData);\n\t\n\tallPlayerData[1]=playerData\n\t////console.log(\"updated=\",playerData);\n\tplayersData.push(playersData)\n    \t\t\tawait UserSchema.create(playerData)\n\treturn done();\n})\n.catch(err=>{\n\t//console.log(err);\n\treturn done();\n})  \n//return done();",
              "err": {},
              "uuid": "45e8fe15-e436-4804-afa0-dae73c1f76d9",
              "parentUUID": "82105d5a-f0af-4025-aab8-066ce02b4601",
              "isHook": false,
              "skipped": false
            }
          ],
          "suites": [],
          "passes": [
            "45e8fe15-e436-4804-afa0-dae73c1f76d9"
          ],
          "failures": [],
          "pending": [],
          "skipped": [],
          "duration": 42,
          "root": false,
          "rootEmpty": false,
          "_timeout": 2000
        },
        {
          "uuid": "9c98aabe-ee1b-477a-a172-cfdb08ee2ca0",
          "title": "GET /api/v1/user",
          "fullFile": "/var/www/html/golf/backend/test/startRound.test.js",
          "file": "/test/startRound.test.js",
          "beforeHooks": [],
          "afterHooks": [],
          "tests": [
            {
              "title": "Player 3 selected",
              "fullTitle": "GET /api/v1/user Player 3 selected",
              "timedOut": false,
              "duration": 51,
              "state": "passed",
              "speed": "medium",
              "pass": true,
              "fail": false,
              "pending": false,
              "context": null,
              "code": "axios.get(`https://golfernet-backend.herokuapp.com/api/v1/users?_id=${userIds[2]}`)\n.then(async (response)=>{\n\t//to insert in our test db\n\texpect(response.data.statuscode).to.equal(200,\"player 3 fetch success\");\n\tlet playerData= response.data.response[0].data[0];\n\tplayerData= playerDatatoUpdate(playerData);\n\tallPlayerData[2]=playerData\n\t\n\t////console.log(\"updated=\",playerData);\n\tplayersData.push(playersData)\n    \t\t\tawait UserSchema.create(playerData)\n\treturn done();\n})\n.catch(err=>{\n\t//console.log(err);\n\treturn done();\n})  \n//return done();",
              "err": {},
              "uuid": "d0a7a060-5a09-4135-a4ee-a3873bd66bee",
              "parentUUID": "9c98aabe-ee1b-477a-a172-cfdb08ee2ca0",
              "isHook": false,
              "skipped": false
            }
          ],
          "suites": [],
          "passes": [
            "d0a7a060-5a09-4135-a4ee-a3873bd66bee"
          ],
          "failures": [],
          "pending": [],
          "skipped": [],
          "duration": 51,
          "root": false,
          "rootEmpty": false,
          "_timeout": 2000
        },
        {
          "uuid": "d7347073-33b4-4f91-bbb5-34b9811571b7",
          "title": "GET /api/v1/user",
          "fullFile": "/var/www/html/golf/backend/test/startRound.test.js",
          "file": "/test/startRound.test.js",
          "beforeHooks": [],
          "afterHooks": [],
          "tests": [
            {
              "title": "Player 4 selected",
              "fullTitle": "GET /api/v1/user Player 4 selected",
              "timedOut": false,
              "duration": 48,
              "state": "passed",
              "speed": "medium",
              "pass": true,
              "fail": false,
              "pending": false,
              "context": null,
              "code": "axios.get(`https://golfernet-backend.herokuapp.com/api/v1/users?_id=${userIds[3]}`)\n.then(async (response)=>{\n\t//to insert in our test db\n\texpect(response.data.statuscode).to.equal(200,\"player 4 fetch success\");\n\tlet playerData= response.data.response[0].data[0];\n\tplayerData= playerDatatoUpdate(playerData);\n\tallPlayerData[3]=playerData\n\t\n\t////console.log(\"updated=\",playerData);\n\tplayersData.push(playersData)\n    \t\t\tawait UserSchema.create(playerData)\n\tconsole.log(\"p=\",(allPlayerData));\n\treturn done();\n})\n.catch(err=>{\n\t//console.log(err);\n\treturn done();\n})  \n//return done();",
              "err": {},
              "uuid": "c4a153ba-2cf0-43da-8fc3-e4546d572b92",
              "parentUUID": "d7347073-33b4-4f91-bbb5-34b9811571b7",
              "isHook": false,
              "skipped": false
            }
          ],
          "suites": [],
          "passes": [
            "c4a153ba-2cf0-43da-8fc3-e4546d572b92"
          ],
          "failures": [],
          "pending": [],
          "skipped": [],
          "duration": 48,
          "root": false,
          "rootEmpty": false,
          "_timeout": 2000
        },
        {
          "uuid": "8848c182-cba2-4bd5-b85a-2d1ae0327b06",
          "title": "POST /api/v1/users/:id/round/start",
          "fullFile": "/var/www/html/golf/backend/test/startRound.test.js",
          "file": "/test/startRound.test.js",
          "beforeHooks": [],
          "afterHooks": [],
          "tests": [
            {
              "title": "new round started with 4 players",
              "fullTitle": "POST /api/v1/users/:id/round/start new round started with 4 players",
              "timedOut": false,
              "duration": 210,
              "state": "passed",
              "speed": "slow",
              "pass": true,
              "fail": false,
              "pending": false,
              "context": null,
              "code": "//console.log(\"courseData=\",courseData);\n\t\trequest(app)\n\t\t.post(`/api/v1/users/${userIds[0]}/round/start`)\n\t\t.set('authorization',`Bearer ${userOne.authToken}`)\n\t\t.set('Content-Type', 'application/json')\n\t\t.send({\"data\":[\n\t\t\t{\"courseId\":courseData._id},\n\t\t\t{\"name\"           : \"round 1\"},\n            {\"modeSelection\"   : [\"Match Play\", \"Team A vs B\", \"Both Ball\", \"Straight\"]},\n            {\"startingHole\"    : 1},   \n            {\"player1\"        : {\"_id\":userIds[1],\"firstName\":\"Ridd\",\"lastName\":\"Biswas\"} \n            },\n            {\n                \"player2\"         : {\n                    \"_id\": userIds[0],\n                    \"firstName\": \"Abhishek\",\n                    \"lastName\": \"Agrahari\"\n                    \n                }\n            },\n\t\t\t{\n                \"player3\"         : {\n                    \"_id\": userIds[2],\n                    \"firstName\": \"Biswajit\",\n                    \"lastName\": \"shaw\"\n                    \n                }\n            },\n\t\t\t{\n                \"player4\"         : {\n                    \"_id\": userIds[3],\n                    \"firstName\": \"Rajeev\",\n                    \"lastName\": \"shaw\"\n                    \n                }\n            }\n            \n\t\t]})\n\t\t.expect(200)\n\t\t.end(function(err, res) {\n\t\t\tif (err)\n\t\t\t\treturn done(err);\n\t\t\t//console.log(\"res=\",res.body);\n\t\t\troundData=res.body;\n\t\t\treturn done();\n\t\t})\n\t// return done()",
              "err": {},
              "uuid": "c350c801-c6da-4398-b52f-77a2046db172",
              "parentUUID": "8848c182-cba2-4bd5-b85a-2d1ae0327b06",
              "isHook": false,
              "skipped": false
            }
          ],
          "suites": [],
          "passes": [
            "c350c801-c6da-4398-b52f-77a2046db172"
          ],
          "failures": [],
          "pending": [],
          "skipped": [],
          "duration": 210,
          "root": false,
          "rootEmpty": false,
          "_timeout": 2000
        },
        {
          "uuid": "279ebde0-5435-4a24-a906-52928372fbd6",
          "title": "GET /api/v1/round",
          "fullFile": "/var/www/html/golf/backend/test/scorecardEntry.test.js",
          "file": "/test/scorecardEntry.test.js",
          "beforeHooks": [],
          "afterHooks": [],
          "tests": [
            {
              "title": "Get the selected round",
              "fullTitle": "GET /api/v1/round Get the selected round",
              "timedOut": false,
              "duration": 22,
              "state": "passed",
              "speed": "fast",
              "pass": true,
              "fail": false,
              "pending": false,
              "context": null,
              "code": "console.log(\"in scorecard entry---------------------------------------------------------------------\")\n    request(app)\n    .get('/api/v1/round')\n    .expect('Content-Type', /json/)\n    .expect(200)\n    .end(function(err, res) {\n      if (err) return done(err);\n      roundData=res.body.response[0].data;\n      //console.log(\"roundata=\",roundData);\n      roundDetail=roundData.roundDetails\n      //console.log(\"roundetail=\",roundDetail[0]);\n       return done();\n      });",
              "err": {},
              "uuid": "505b4cf2-20e1-41f4-83c9-d971111bc3cc",
              "parentUUID": "279ebde0-5435-4a24-a906-52928372fbd6",
              "isHook": false,
              "skipped": false
            }
          ],
          "suites": [],
          "passes": [
            "505b4cf2-20e1-41f4-83c9-d971111bc3cc"
          ],
          "failures": [],
          "pending": [],
          "skipped": [],
          "duration": 22,
          "root": false,
          "rootEmpty": false,
          "_timeout": 2000
        },
        {
          "uuid": "3aa6fe33-16a1-4cf7-8816-fe08f946c8d5",
          "title": "GET /api/v1/roundDetail",
          "fullFile": "/var/www/html/golf/backend/test/scorecardEntry.test.js",
          "file": "/test/scorecardEntry.test.js",
          "beforeHooks": [],
          "afterHooks": [],
          "tests": [
            {
              "title": "Get the selected score",
              "fullTitle": "GET /api/v1/roundDetail Get the selected score",
              "timedOut": false,
              "duration": 21,
              "state": "passed",
              "speed": "fast",
              "pass": true,
              "fail": false,
              "pending": false,
              "context": null,
              "code": "request(app)\n  .get('/api/v1/roundDetail')\n  .expect('Content-Type', /json/)\n  .expect(200)\n  .end(function(err, res) {\n    if (err) return done(err);\n    roundDetail=res.body.response[0].data;\n  //console.log(\"roundetail=\",roundDetail[0]);\n   return done();\n  });",
              "err": {},
              "uuid": "d068fbd1-8312-43fe-86ac-67527da2b17f",
              "parentUUID": "3aa6fe33-16a1-4cf7-8816-fe08f946c8d5",
              "isHook": false,
              "skipped": false
            }
          ],
          "suites": [],
          "passes": [
            "d068fbd1-8312-43fe-86ac-67527da2b17f"
          ],
          "failures": [],
          "pending": [],
          "skipped": [],
          "duration": 21,
          "root": false,
          "rootEmpty": false,
          "_timeout": 2000
        },
        {
          "uuid": "c2dcd2a2-4c10-4b7b-ac66-060d48d736d8",
          "title": "PUT /api/v1/roundDetail",
          "fullFile": "/var/www/html/golf/backend/test/scorecardEntry.test.js",
          "file": "/test/scorecardEntry.test.js",
          "beforeHooks": [],
          "afterHooks": [],
          "tests": [
            {
              "title": "Update values in the score detail",
              "fullTitle": "PUT /api/v1/roundDetail Update values in the score detail",
              "timedOut": false,
              "duration": 39,
              "state": "passed",
              "speed": "medium",
              "pass": true,
              "fail": false,
              "pending": false,
              "context": null,
              "code": "request(app)\n  .put(`/api/v1/roundDetail/${roundDetail[0]._id}`)\n  .set('authorization',`Bearer ${userOne.authToken}`)\n .set('Content-Type', 'application/json')\n  .send({\n    \"roundId\":roundDetail[0].roundId._id,\n    \"holeNumber\": 1,\n    \"scoreDetail\": [\n      {\n        \"isEditable\" : true,\n        \"_id\" : `${roundDetail[0].scoreDetail[0]._id}`,\n        \"playerId\" : `${userOne._id}`,\n        \"score\" : 2\n      },\n      {\n        \"isEditable\" : true,\n        \"_id\" : `${roundDetail[0].scoreDetail[1]._id}`,\n        \"playerId\" : `${roundDetail[0].scoreDetail[1].playerId}`,\n        \"score\" : 4\n      }\n    ]\n })        \n  .expect(200)\n  .end(function(err, res) {\n    if (err) return done(err);\n    return done();\n  });",
              "err": {},
              "uuid": "f3aeea9f-e596-4945-8373-a29e279b9166",
              "parentUUID": "c2dcd2a2-4c10-4b7b-ac66-060d48d736d8",
              "isHook": false,
              "skipped": false
            }
          ],
          "suites": [],
          "passes": [
            "f3aeea9f-e596-4945-8373-a29e279b9166"
          ],
          "failures": [],
          "pending": [],
          "skipped": [],
          "duration": 39,
          "root": false,
          "rootEmpty": false,
          "_timeout": 2000
        }
      ],
      "passes": [],
      "failures": [],
      "pending": [],
      "skipped": [],
      "duration": 0,
      "root": true,
      "rootEmpty": true,
      "_timeout": 2000
    }
  ],
  "meta": {
    "mocha": {
      "version": "8.3.2"
    },
    "mochawesome": {
      "options": {
        "quiet": false,
        "reportFilename": "backspinintegrationtest",
        "saveHtml": true,
        "saveJson": true,
        "consoleReporter": "spec",
        "useInlineDiffs": false,
        "code": true
      },
      "version": "6.2.2"
    },
    "marge": {
      "options": {
        "reportDir": "./public",
        "reportFilename": "backspinintegrationtest"
      },
      "version": "5.2.0"
    }
  }
}